Python Code,PHP Equivalent
print("Hello, world!"),echo "Hello, world!";
x = 5 + 3,$x = 5 + 3;
for i in range(5):,for ($i = 0; $i < 5; $i++) {
    print(i),echo $i;
}
def add(a, b):,function add($a, $b) {
    return a + b;,return $a + $b;
}
print("This is a sample Python code."),echo "This is a sample PHP code.";
x = 10,$x = 10;
y = 20,$y = 20;
result = x + y,$result = $x + $y;
for i in range(5):,for ($i = 0; $i < 5; $i++) {
    print(i),echo $i;
}
def multiply(a, b):,function multiply($a, $b) {
    return a * b;,return $a * $b;
}
def greet(name):,function greet($name) {
    echo "Hello, " . $name . "!";,echo "Hello, " . $name . "!";
}
import math,// PHP doesn't require import statements for built-in functions
print(math.pi),echo M_PI;
x = 5,$x = 5;
if x > 0:,if ($x > 0) {
    print("Positive"),echo "Positive";
} else:,} else {
    print("Negative or zero"),echo "Negative or zero";
}
def factorial(n):,function factorial($n) {
    if n == 0 or n == 1:,if ($n == 0 || $n == 1) {
        return 1;,return 1;
    } else:,} else {
        return n * factorial(n - 1);,return $n * factorial($n - 1);
    }
}
def is_prime(n):,function is_prime($n) {
    if n <= 1:,if ($n <= 1) {
        return False;,return false;
    }
    for i in range(2, int(n**0.5) + 1):,for ($i = 2; $i <= sqrt($n); $i++) {
        if n % i == 0:,if ($n % $i == 0) {
            return False;,return false;
        }
    }
    return True;,return true;
}
def fibonacci(n):,function fibonacci($n) {
    if n <= 0:,if ($n <= 0) {
        return [];,return [];
    } elif n == 1:,} elseif ($n == 1) {
        return [0];,return [0];
    } else:,} else {
        fib = [0, 1];,$fib = [0, 1];
        for i in range(2, n):,for ($i = 2; $i < $n; $i++) {
            fib.append(fib[-1] + fib[-2]);,$fib[] = $fib[count($fib) - 1] + $fib[count($fib) - 2];
        }
        return fib;,return $fib;
    }
}
def merge_sort(arr):,function merge_sort($arr) {
    $length = count($arr);,$length = count($arr);
    if ($length <= 1) {,if ($length <= 1) {
        return $arr;,return $arr;
    }
    $middle = floor($length / 2);,$middle = floor($length / 2);
    $left = array_slice($arr, 0, $middle);,$left = array_slice($arr, 0, $middle);
    $right = array_slice($arr, $middle);,$right = array_slice($arr, $middle);
    $left = merge_sort($left);,$left = merge_sort($left);
    $right = merge_sort($right);,$right = merge_sort($right);
    return merge($left, $right);,return merge($left, $right);
}
def merge(left, right):,function merge($left, $right) {
    $result = array();,$result = array();
    while (count($left) > 0 && count($right) > 0) {,while (count($left) > 0 && count($right) > 0) {
        if ($left[0] <= $right[0]) {,if ($left[0] <= $right[0]) {
            array_push($result, array_shift($left));,array_push($result, array_shift($left));
        } else {,} else {
            array_push($result, array_shift($right));,array_push($result, array_shift($right));
        }
    }
    while (count($left) > 0) {,while (count($left) > 0) {
        array_push($result, array_shift($left));,array_push($result, array_shift($left));
    }
    while (count($right) > 0) {,while (count($right) > 0) {
        array_push($result, array_shift($right));,array_push($result, array_shift($right));
    }
    return $result;,return $result;
}
